FirstName,LastName,StudentNumber
Bozuk,Veri
Bozuk,Veri
Bozuk,Veri
Bozuk,Veri
Bozuk,Veri
Bozuk,Veri
Bozuk,Veri
Bozuk,Veri
Bozuk,Veri
Bozuk,Veri
Bozuk,Veri
Bozuk,Veri
Bozuk,Veri
Bozuk,Veri
Bozuk,Veri
Bozuk,Veri
Bozuk,Veri
Bozuk,Veri
Bozuk,Veri
Bozuk,Veri
Bozuk,Veri
Bozuk,Veri
Bozuk,Veri
Bozuk,Veri
Bozuk,Veri
Bozuk,Veri
Bozuk,Veri
Bozuk,Veri
Bozuk,Veri
Bozuk,Veri
Bozuk,Veri
Bozuk,Veri
Bozuk,Veri
Bozuk,Veri
Bozuk,Veri
Bozuk,Veri
Bozuk,Veri
Bozuk,Veri
Bozuk,Veri
Bozuk,Veri
Bozuk,Veri
Bozuk,Veri
Bozuk,Veri
Bozuk,Veri
Bozuk,Veri
Bozuk,Veri
Bozuk,Veri
Bozuk,Veri
Bozuk,Veri
Bozuk,Veri
Bozuk,Veri
Bozuk,Veri
Bozuk,Veri
Bozuk,Veri
Bozuk,Veri
Bozuk,Veri
Bozuk,Veri
Bozuk,Veri
Bozuk,Veri
Bozuk,Veri
Bozuk,Veri
Bozuk,Veri
Bozuk,Veri
Bozuk,Veri
Bozuk,Veri
Bozuk,Veri
Bozuk,Veri
Bozuk,Veri
Bozuk,Veri
Bozuk,Veri
Bozuk,Veri
Bozuk,Veri
Bozuk,Veri
Bozuk,Veri
Bozuk,Veri
Bozuk,Veri
Bozuk,Veri
Bozuk,Veri
Bozuk,Veri
Bozuk,Veri
Bozuk,Veri
Bozuk,Veri
Bozuk,Veri
Bozuk,Veri
Bozuk,Veri
Bozuk,Veri
Bozuk,Veri
Bozuk,Veri
Bozuk,Veri
Bozuk,Veri
Bozuk,Veri
Bozuk,Veri
Bozuk,Veri
Bozuk,Veri
Bozuk,Veri
Bozuk,Veri
Bozuk,Veri
Bozuk,Veri
Bozuk,Veri
Bozuk,Veri
Bozuk,Veri
Bozuk,Veri